Workbook

Sheet JPMC
A1: Targets July-2026 TO June,2027 (Titan Group)
A2: Name: DANISH MIR | G2: Territory: KARACHI JPMC
A3: PRODUCT NAME | B3: EX-FACTORY | C3: JULY | D3: AUG | E3: SEPT | F3: OCT | G3: NOV | H3: DEC | I3: JAN | J3: FEB | K3: MARCH | L3: APRIL | M3: MAY | N3: JUNE | O3: TOTAL
A5: Glipin 25mg | B5: 742.05 | C5: 23 | D5: 25 | E5: 27 | F5: 29 | G5: 31 | H5: 33 | I5: 35 | J5: =I5 -> 35 | K5: 37 | L5: 39 | M5: 41 | N5: 43 | O5: =SUM(C5:N5) -> 398
A6: Glipin 100mg | B6: 2065.5 | C6: 110 | D6: 112 | E6: 114 | F6: 116 | G6: 118 | H6: 120 | I6: 122 | J6: =I6 -> 122 | K6: 124 | L6: 126 | M6: 128 | N6: 130 | O6: =SUM(C6:N6) -> 1442
A7: Lamepil 50 mg | B7: 600.37 | C7: 10 | D7: 12 | E7: 14 | F7: 16 | G7: 18 | H7: 20 | I7: 22 | J7: =I7 -> 22 | K7: 24 | L7: 26 | M7: 28 | N7: 30 | O7: =SUM(C7:N7) -> 242
A8: Lamepil 100 mg | B8: 774.03 | C8: 10 | D8: 12 | E8: 14 | F8: 16 | G8: 18 | H8: 20 | I8: 22 | J8: =I8 -> 22 | K8: 24 | L8: 26 | M8: 28 | N8: 30 | O8: =SUM(C8:N8) -> 242
A9: Mitaz 15mg Tablets | B9: 459 | C9: 20 | D9: 22 | E9: 24 | F9: 26 | G9: 28 | H9: 30 | I9: 32 | J9: =I9 -> 32 | K9: 34 | L9: 36 | M9: 38 | N9: 40 | O9: =SUM(C9:N9) -> 362
A10: Mitaz 30mg Tablets | B10: 765 | C10: 20 | D10: 22 | E10: 24 | F10: 26 | G10: 28 | H10: 30 | I10: 32 | J10: =I10 -> 32 | K10: 34 | L10: 36 | M10: 38 | N10: 40 | O10: =SUM(C10:N10) -> 362
A11: Mitaz 45mg Tablets | B11: 780.99 | C11: 5 | D11: 6 | E11: 7 | F11: 8 | G11: 9 | H11: 10 | I11: 11 | J11: =I11 -> 11 | K11: 12 | L11: 13 | M11: 14 | N11: 15 | O11: =SUM(C11:N11) -> 121
A12: Glitpam 20 mg Tab | B12: 344.25 | C12: 10 | D12: 12 | E12: 14 | F12: 16 | G12: 18 | H12: 20 | I12: 22 | J12: =I12 -> 22 | K12: 24 | L12: 26 | M12: 28 | N12: 30 | O12: =SUM(C12:N12) -> 242
A13: Procye 5 mg | B13: 428.4 | C13: 160 | D13: 165 | E13: 170 | F13: 175 | G13: 180 | H13: 185 | I13: 190 | J13: =I13 -> 190 | K13: 195 | L13: 200 | M13: 205 | N13: 210 | O13: =SUM(C13:N13) -> 2225
A14: Arigit Tablet 10mg | B14: 459 | C14: 10 | D14: 12 | E14: 14 | F14: 16 | G14: 18 | H14: 20 | I14: 22 | J14: =I14 -> 22 | K14: 24 | L14: 26 | M14: 28 | N14: 30 | O14: =SUM(C14:N14) -> 242
A15: Arigit Tablet 15mg | B15: 550.8 | C15: 10 | D15: 12 | E15: 14 | F15: 16 | G15: 18 | H15: 20 | I15: 22 | J15: =I15 -> 22 | K15: 24 | L15: 26 | M15: 28 | N15: 30 | O15: =SUM(C15:N15) -> 242
A16: Eszopic 1mg | B16: 122.4 | C16: 100 | D16: 105 | E16: 110 | F16: 115 | G16: 120 | H16: 125 | I16: 130 | J16: =I16 -> 130 | K16: 135 | L16: 140 | M16: 145 | N16: 150 | O16: =SUM(C16:N16) -> 1505
... A20: Vediget 12.5 mg | B20: 342.39 | C20: 5 | D20: 6 | E20: 7 | F20: 8 | G20: 9 | H20: 10 | I20: 11 | J20: =I20 -> 11 | K20: 12 | L20: 13 | M20: 14 | N20: 15 | O20: =SUM(C20:N20) -> 121
A21: Vediget 25 mg | B21: 213.99 | J21: =I21 -> 0 | O21: =SUM(C21:N21) -> 0
A22: Zyme 100mg | B22: 1512.71 | C22: 5 | D22: 6 | E22: 7 | F22: 8 | G22: 9 | H22: 10 | I22: 11 | J22: =I22 -> 11 | K22: 12 | L22: 13 | M22: 14 | N22: 15 | O22: =SUM(C22:N22) -> 121
A23: Doxiget 2 mg | B23: 573.75 | C23: 5 | D23: 6 | E23: 7 | F23: 8 | G23: 9 | H23: 10 | I23: 11 | J23: =I23 -> 11 | K23: 12 | L23: 13 | M23: 14 | N23: 15 | O23: =SUM(C23:N23) -> 121
A24: Doxiget 4 mg | B24: 979.29 | C24: 5 | D24: 6 | E24: 7 | F24: 8 | G24: 9 | H24: 10 | I24: 11 | J24: =I24 -> 11 | K24: 12 | L24: 13 | M24: 14 | N24: 15 | O24: =SUM(C24:N24) -> 121
A25: Zipracid 40mg | B25: 491.78 | C25: 20 | D25: 22 | E25: 24 | F25: 26 | G25: 28 | H25: 30 | I25: 32 | J25: =I25 -> 32 | K25: 34 | L25: 36 | M25: 38 | N25: 40 | O25: =SUM(C25:N25) -> 362
A26: Zipracid 60mg | B26: 589.74 | C26: 10 | D26: 12 | E26: 14 | F26: 16 | G26: 18 | H26: 20 | I26: 22 | J26: =I26 -> 22 | K26: 24 | L26: 26 | M26: 28 | N26: 30 | O26: =SUM(C26:N26) -> 242
A27: Vasipro Syp | B27: 198 | C27: 100 | D27: 102 | E27: 104 | F27: 106 | G27: 108 | H27: 110 | I27: 112 | J27: =I27 -> 112 | K27: 114 | L27: 116 | M27: 118 | N27: 120 | O27: =SUM(C27:N27) -> 1322
A28: Lacogit 50 mg
A29: Lacogit 100 mg
A30: Oxicarb 150 mg
A31: Oxicarb 300 mg
A32: Oxicarb 600 mg
A33: Value on EX Factory | C33: =SUMPRODUCT($B$5:$B$32,C5:C32) -> 529651.05 | D33: =SUMPRODUCT($B$5:$B$32,D5:D32) -> 556842.47 | E33: =SUMPRODUCT($B$5:$B$32,E5:E32) -> 584033.89 | F33: =SUMPRODUCT($B$5:$B$32,F5:F32) -> 611225.31 | G33: =SUMPRODUCT($B$5:$B$32,G5:G32) -> 638416.73 | H33: =SUMPRODUCT($B$5:$B$32,H5:H32) -> 665608.15 | I33: =SUMPRODUCT($B$5:$B$32,I5:I32) -> 692799.57 | J33: =SUMPRODUCT($B$5:$B$32,J5:J32) -> 692799.57 | ... O33: =SUMPRODUCT($B$5:$B$32,O5:O32) -> 8014489.2
A34: Value on T.P | C34: =C33/0.9 -> 588501.17 | D34: =D33/0.9 -> 618713.86 | E34: =E33/0.9 -> 648926.54 | F34: =F33/0.9 -> 679139.23 | G34: =G33/0.9 -> 709351.92 | H34: =H33/0.9 -> 739564.61 | I34: =I33/0.9 -> 769777.3 | J34: =J33/0.9 -> 769777.3 | ... O34: =O33/0.9 -> 8904988

Sheet GULSHAN
A1: Targets July-2026 TO June,2027 (Titan Group)
A2: Name: VACANT | G2: Territory: Gulshan + Johar
A3: PRODUCT NAME | B3: EX-FACTORY | C3: JULY | D3: AUG | E3: SEPT | F3: OCT | G3: NOV | H3: DEC | I3: JAN | J3: FEB | K3: MARCH | L3: APRIL | M3: MAY | N3: JUNE | O3: TOTAL
A5: Glipin 25mg | B5: 742.05 | C5: 12 | D5: 13 | E5: 14 | F5: 15 | G5: 16 | H5: 17 | I5: 18 | J5: =I5 -> 18 | K5: 19 | L5: 20 | M5: 21 | N5: 22 | O5: =SUM(C5:N5) -> 205
A6: Glipin 100mg | B6: 2065.5 | C6: 60 | D6: 62 | E6: 64 | F6: 66 | G6: 68 | H6: 70 | I6: 72 | J6: =I6 -> 72 | K6: 74 | L6: 76 | M6: 78 | N6: 80 | O6: =SUM(C6:N6) -> 842
A7: Lamepil 50 mg | B7: 600.37 | C7: 72 | D7: 74 | E7: 76 | F7: 78 | G7: 80 | H7: 82 | I7: 84 | J7: =I7 -> 84 | K7: 86 | L7: 88 | M7: 90 | N7: 92 | O7: =SUM(C7:N7) -> 986
A8: Lamepil 100 mg | B8: 774.03 | C8: 88 | D8: 90 | E8: 92 | F8: 94 | G8: 96 | H8: 98 | I8: 100 | J8: =I8 -> 100 | K8: 102 | L8: 104 | M8: 106 | N8: 108 | O8: =SUM(C8:N8) -> 1178
A9: Mitaz 15mg Tablets | B9: 459 | C9: 20 | D9: 22 | E9: 24 | F9: 26 | G9: 28 | H9: 30 | I9: 32 | J9: =I9 -> 32 | K9: 34 | L9: 36 | M9: 38 | N9: 40 | O9: =SUM(C9:N9) -> 362
A10: Mitaz 30mg Tablets | B10: 765 | C10: 10 | D10: 12 | E10: 14 | F10: 16 | G10: 18 | H10: 20 | I10: 22 | J10: =I10 -> 22 | K10: 24 | L10: 26 | M10: 28 | N10: 30 | O10: =SUM(C10:N10) -> 242
A11: Mitaz 45mg Tablets | B11: 780.99 | C11: 0 | D11: 0 | E11: 0 | F11: 0 | G11: 0 | H11: 0 | I11: 0 | J11: =I11 -> 0 | K11: 0 | L11: 0 | M11: 0 | N11: 0 | O11: =SUM(C11:N11) -> 0
A12: Glitpam 20 mg Tab | B12: 344.25 | C12: 20 | D12: 22 | E12: 24 | F12: 26 | G12: 28 | H12: 30 | I12: 32 | J12: =I12 -> 32 | K12: 34 | L12: 36 | M12: 38 | N12: 40 | O12: =SUM(C12:N12) -> 362
A13: Procye 5 mg | B13: 428.4 | C13: 235 | D13: 240 | E13: 245 | F13: 250 | G13: 255 | H13: 260 | I13: 265 | J13: =I13 -> 265 | K13: 270 | L13: 275 | M13: 280 | N13: 285 | O13: =SUM(C13:N13) -> 3125
A14: Arigit Tablet 10mg | B14: 459 | C14: 10 | D14: 12 | E14: 14 | F14: 16 | G14: 18 | H14: 20 | I14: 22 | J14: =I14 -> 22 | K14: 24 | L14: 26 | M14: 28 | N14: 30 | O14: =SUM(C14:N14) -> 242
A15: Arigit Tablet 15mg | B15: 550.8 | C15: 10 | D15: 12 | E15: 14 | F15: 16 | G15: 18 | H15: 20 | I15: 22 | J15: =I15 -> 22 | K15: 24 | L15: 26 | M15: 28 | N15: 30 | O15: =SUM(C15:N15) -> 242
A16: Eszopic 1mg | B16: 122.4 | C16: 100 | D16: 104 | E16: 108 | F16: 112 | G16: 116 | H16: 120 | I16: 124 | J16: =I16 -> 124 | K16: 128 | L16: 132 | M16: 136 | N16: 140 | O16: =SUM(C16:N16) -> 1444
... A20: Vediget 12.5 mg | B20: 342.39 | C20: 5 | D20: 6 | E20: 7 | F20: 8 | G20: 9 | H20: 10 | I20: 11 | J20: =I20 -> 11 | K20: 12 | L20: 13 | M20: 14 | N20: 15 | O20: =SUM(C20:N20) -> 121
A21: Vediget 25 mg | B21: 213.99 | J21: =I21 -> 0 | O21: =SUM(C21:N21) -> 0
A22: Zyme 100mg | B22: 1512.71 | C22: 6 | D22: 7 | E22: 8 | F22: 9 | G22: 10 | H22: 11 | I22: 12 | J22: =I22 -> 12 | K22: 13 | L22: 14 | M22: 15 | N22: 16 | O22: =SUM(C22:N22) -> 133
A23: Doxiget 2 mg | B23: 573.75 | C23: 30 | D23: 32 | E23: 34 | F23: 36 | G23: 38 | H23: 40 | I23: 42 | J23: =I23 -> 42 | K23: 44 | L23: 46 | M23: 48 | N23: 50 | O23: =SUM(C23:N23) -> 482
A24: Doxiget 4 mg | B24: 979.29 | C24: 20 | D24: 22 | E24: 24 | F24: 26 | G24: 28 | H24: 30 | I24: 32 | J24: =I24 -> 32 | K24: 34 | L24: 36 | M24: 38 | N24: 40 | O24: =SUM(C24:N24) -> 362
A25: Zipracid 40mg | B25: 491.78 | C25: 20 | D25: 22 | E25: 24 | F25: 26 | G25: 28 | H25: 30 | I25: 32 | J25: =I25 -> 32 | K25: 34 | L25: 36 | M25: 38 | N25: 40 | O25: =SUM(C25:N25) -> 362
A26: Zipracid 60mg | B26: 589.74 | C26: 10 | D26: 12 | E26: 14 | F26: 16 | G26: 18 | H26: 20 | I26: 22 | J26: =I26 -> 22 | K26: 24 | L26: 26 | M26: 28 | N26: 30 | O26: =SUM(C26:N26) -> 242
A27: Vasipro Syp | B27: 198 | C27: 100 | D27: 102 | E27: 104 | F27: 106 | G27: 108 | H27: 110 | I27: 112 | J27: =I27 -> 112 | K27: 114 | L27: 116 | M27: 118 | N27: 120 | O27: =SUM(C27:N27) -> 1322
A28: Lacogit 50 mg
A29: Lacogit 100 mg
A30: Oxicarb 150 mg
A31: Oxicarb 300 mg
A32: Oxicarb 600 mg
A33: Value on EX Factory | C33: =SUMPRODUCT($B$5:$B$32,C5:C32) -> 543752.14 | D33: =SUMPRODUCT($B$5:$B$32,D5:D32) -> 570369.21 | E33: =SUMPRODUCT($B$5:$B$32,E5:E32) -> 596986.28 | F33: =SUMPRODUCT($B$5:$B$32,F5:F32) -> 623603.35 | G33: =SUMPRODUCT($B$5:$B$32,G5:G32) -> 650220.42 | H33: =SUMPRODUCT($B$5:$B$32,H5:H32) -> 676837.49 | I33: =SUMPRODUCT($B$5:$B$32,I5:I32) -> 703454.56 | J33: =SUMPRODUCT($B$5:$B$32,J5:J32) -> 703454.56 | ... O33: =SUMPRODUCT($B$5:$B$32,O5:O32) -> 8148667
A34: Value on T.P | C34: =C33/0.9 -> 604169.04 | D34: =D33/0.9 -> 633743.57 | E34: =E33/0.9 -> 663318.09 | F34: =F33/0.9 -> 692892.61 | G34: =G33/0.9 -> 722467.13 | H34: =H33/0.9 -> 752041.66 | I34: =I33/0.9 -> 781616.18 | J34: =J33/0.9 -> 781616.18 | ... O34: =O33/0.9 -> 9054074.4

Sheet NAZIMABAD
A1: Targets July-2026 TO June,2027 (Titan Group)
A2: Name: Shahid Shahab | G2: Territory: Nazimabad
A3: PRODUCT NAME | B3: EX-FACTORY | C3: JULY | D3: AUG | E3: SEPT | F3: OCT | G3: NOV | H3: DEC | I3: JAN | J3: FEB | K3: MARCH | L3: APRIL | M3: MAY | N3: JUNE | O3: TOTAL
A5: Glipin 25mg | B5: 742.05 | C5: 44 | D5: 45 | E5: 46 | F5: 47 | G5: 48 | H5: 49 | I5: 50 | J5: =I5 -> 50 | K5: 51 | L5: 52 | M5: 53 | N5: 54 | O5: =SUM(C5:N5) -> 589
A6: Glipin 100mg | B6: 2065.5 | C6: 60 | D6: 62 | E6: 64 | F6: 66 | G6: 68 | H6: 70 | I6: 72 | J6: =I6 -> 72 | K6: 74 | L6: 76 | M6: 78 | N6: 80 | O6: =SUM(C6:N6) -> 842
A7: Lamepil 50 mg | B7: 600.37 | C7: 22 | D7: 24 | E7: 26 | F7: 28 | G7: 30 | H7: 32 | I7: 34 | J7: =I7 -> 34 | K7: 36 | L7: 38 | M7: 40 | N7: 42 | O7: =SUM(C7:N7) -> 386
A8: Lamepil 100 mg | B8: 774.03 | C8: 22 | D8: 24 | E8: 26 | F8: 28 | G8: 30 | H8: 32 | I8: 34 | J8: =I8 -> 34 | K8: 36 | L8: 38 | M8: 40 | N8: 42 | O8: =SUM(C8:N8) -> 386
A9: Mitaz 15mg Tablets | B9: 459 | C9: 20 | D9: 22 | E9: 24 | F9: 26 | G9: 28 | H9: 30 | I9: 32 | J9: =I9 -> 32 | K9: 34 | L9: 36 | M9: 38 | N9: 40 | O9: =SUM(C9:N9) -> 362
A10: Mitaz 30mg Tablets | B10: 765 | C10: 10 | D10: 12 | E10: 14 | F10: 16 | G10: 18 | H10: 20 | I10: 22 | J10: =I10 -> 22 | K10: 24 | L10: 26 | M10: 28 | N10: 30 | O10: =SUM(C10:N10) -> 242
A11: Mitaz 45mg Tablets | B11: 780.99 | C11: 15 | D11: 16 | E11: 17 | F11: 18 | G11: 19 | H11: 20 | I11: 21 | J11: =I11 -> 21 | K11: 22 | L11: 23 | M11: 24 | N11: 25 | O11: =SUM(C11:N11) -> 241
A12: Glitpam 20 mg Tab | B12: 344.25 | C12: 20 | D12: 22 | E12: 24 | F12: 26 | G12: 28 | H12: 30 | I12: 32 | J12: =I12 -> 32 | K12: 34 | L12: 36 | M12: 38 | N12: 40 | O12: =SUM(C12:N12) -> 362
A13: Procye 5 mg | B13: 428.4 | C13: 1500 | D13: 1505 | E13: 1510 | F13: 1515 | G13: 1520 | H13: 1525 | I13: 1530 | J13: =I13 -> 1530 | K13: 1535 | L13: 1540 | M13: 1545 | N13: 1550 | O13: =SUM(C13:N13) -> 18305
A14: Arigit Tablet 10mg | B14: 459 | C14: 10 | D14: 11 | E14: 12 | F14: 13 | G14: 14 | H14: 15 | I14: 16 | J14: =I14 -> 16 | K14: 17 | L14: 18 | M14: 19 | N14: 20 | O14: =SUM(C14:N14) -> 181
A15: Arigit Tablet 15mg | B15: 550.8 | C15: 10 | D15: 11 | E15: 12 | F15: 13 | G15: 14 | H15: 15 | I15: 16 | J15: =I15 -> 16 | K15: 17 | L15: 18 | M15: 19 | N15: 20 | O15: =SUM(C15:N15) -> 181
A16: Eszopic 1mg | B16: 122.4 | C16: 100 | D16: 105 | E16: 110 | F16: 115 | G16: 120 | H16: 125 | I16: 130 | J16: =I16 -> 130 | K16: 135 | L16: 140 | M16: 145 | N16: 150 | O16: =SUM(C16:N16) -> 1505
... A20: Vediget 12.5 mg | B20: 342.39 | C20: 5 | D20: 6 | E20: 7 | F20: 8 | G20: 9 | H20: 10 | I20: 11 | J20: =I20 -> 11 | K20: 12 | L20: 13 | M20: 14 | N20: 15 | O20: =SUM(C20:N20) -> 121
A21: Vediget 25 mg | B21: 213.99 | J21: =I21 -> 0 | O21: =SUM(C21:N21) -> 0
A22: Zyme 100mg | B22: 1512.71 | C22: 53 | D22: 55 | E22: 57 | F22: 59 | G22: 61 | H22: 63 | I22: 65 | J22: =I22 -> 65 | K22: 67 | L22: 69 | M22: 71 | N22: 73 | O22: =SUM(C22:N22) -> 758
A23: Doxiget 2 mg | B23: 573.75 | C23: 30 | D23: 32 | E23: 34 | F23: 36 | G23: 38 | H23: 40 | I23: 42 | J23: =I23 -> 42 | K23: 44 | L23: 46 | M23: 48 | N23: 50 | O23: =SUM(C23:N23) -> 482
A24: Doxiget 4 mg | B24: 979.29 | C24: 24 | D24: 25 | E24: 26 | F24: 27 | G24: 28 | H24: 29 | I24: 30 | J24: =I24 -> 30 | K24: 31 | L24: 32 | M24: 33 | N24: 34 | O24: =SUM(C24:N24) -> 349
A25: Zipracid 40mg | B25: 491.78 | C25: 20 | D25: 22 | E25: 24 | F25: 26 | G25: 28 | H25: 30 | I25: 32 | J25: =I25 -> 32 | K25: 34 | L25: 36 | M25: 38 | N25: 40 | O25: =SUM(C25:N25) -> 362
A26: Zipracid 60mg | B26: 589.74 | C26: 10 | D26: 12 | E26: 14 | F26: 16 | G26: 18 | H26: 20 | I26: 22 | J26: =I26 -> 22 | K26: 24 | L26: 26 | M26: 28 | N26: 30 | O26: =SUM(C26:N26) -> 242
A27: Vasipro Syp | B27: 198 | C27: 100 | D27: 102 | E27: 104 | F27: 106 | G27: 108 | H27: 110 | I27: 112 | J27: =I27 -> 112 | K27: 114 | L27: 116 | M27: 118 | N27: 120 | O27: =SUM(C27:N27) -> 1322
A28: Lacogit 50 mg
A29: Lacogit 100 mg
A30: Oxicarb 150 mg
A31: Oxicarb 300 mg
A32: Oxicarb 600 mg
A33: Value on EX Factory | C33: =SUMPRODUCT($B$5:$B$32,C5:C32) -> 1095181.6 | D33: =SUMPRODUCT($B$5:$B$32,D5:D32) -> 1121460.7 | E33: =SUMPRODUCT($B$5:$B$32,E5:E32) -> 1147739.8 | F33: =SUMPRODUCT($B$5:$B$32,F5:F32) -> 1174018.8 | G33: =SUMPRODUCT($B$5:$B$32,G5:G32) -> 1200297.9 | H33: =SUMPRODUCT($B$5:$B$32,H5:H32) -> 1226577 | I33: =SUMPRODUCT($B$5:$B$32,I5:I32) -> 1252856.1 | J33: =SUMPRODUCT($B$5:$B$32,J5:J32) -> 1252856.1 | ... O33: =SUMPRODUCT($B$5:$B$32,O5:O32) -> 14745203
A34: Value on T.P | C34: =C33/0.9 -> 1216868.4 | D34: =D33/0.9 -> 1246067.4 | E34: =E33/0.9 -> 1275266.4 | F34: =F33/0.9 -> 1304465.4 | G34: =G33/0.9 -> 1333664.3 | H34: =H33/0.9 -> 1362863.3 | I34: =I33/0.9 -> 1392062.3 | J34: =J33/0.9 -> 1392062.3 | ... O34: =O33/0.9 -> 16383559

Sheet KHI CIVIL
A1: Targets July-2026 TO June,2027 (Titan Group)
A2: Name: VACANT | G2: Territory: Karachi Civil Hospital
A3: PRODUCT NAME | B3: EX-FACTORY | C3: JULY | D3: AUG | E3: SEPT | F3: OCT | G3: NOV | H3: DEC | I3: JAN | J3: FEB | K3: MARCH | L3: APRIL | M3: MAY | N3: JUNE | O3: TOTAL
A5: Glipin 25mg | B5: 742.05 | C5: 11 | D5: 12 | E5: 13 | F5: 14 | G5: 15 | H5: 16 | I5: 17 | J5: =I5 -> 17 | K5: 18 | L5: 19 | M5: 20 | N5: 21 | O5: =SUM(C5:N5) -> 193
A6: Glipin 100mg | B6: 2065.5 | C6: 32 | D6: 34 | E6: 36 | F6: 38 | G6: 40 | H6: 42 | I6: 44 | J6: =I6 -> 44 | K6: 46 | L6: 48 | M6: 50 | N6: 52 | O6: =SUM(C6:N6) -> 506
A7: Lamepil 50 mg | B7: 600.37 | C7: 10 | D7: 12 | E7: 14 | F7: 16 | G7: 18 | H7: 20 | I7: 22 | J7: =I7 -> 22 | K7: 24 | L7: 26 | M7: 28 | N7: 30 | O7: =SUM(C7:N7) -> 242
A8: Lamepil 100 mg | B8: 774.03 | C8: 10 | D8: 12 | E8: 14 | F8: 16 | G8: 18 | H8: 20 | I8: 22 | J8: =I8 -> 22 | K8: 24 | L8: 26 | M8: 28 | N8: 30 | O8: =SUM(C8:N8) -> 242
A9: Mitaz 15mg Tablets | B9: 459 | C9: 10 | D9: 12 | E9: 14 | F9: 16 | G9: 18 | H9: 20 | I9: 22 | J9: =I9 -> 22 | K9: 24 | L9: 26 | M9: 28 | N9: 30 | O9: =SUM(C9:N9) -> 242
A10: Mitaz 30mg Tablets | B10: 765 | C10: 10 | D10: 12 | E10: 14 | F10: 16 | G10: 18 | H10: 20 | I10: 22 | J10: =I10 -> 22 | K10: 24 | L10: 26 | M10: 28 | N10: 30 | O10: =SUM(C10:N10) -> 242
A11: Mitaz 45mg Tablets | B11: 780.99 | C11: 0 | D11: 0 | E11: 0 | F11: 0 | G11: 0 | H11: 0 | I11: 0 | J11: =I11 -> 0 | K11: 0 | L11: 0 | M11: 0 | N11: 0 | O11: =SUM(C11:N11) -> 0
A12: Glitpam 20 mg Tab | B12: 344.25 | C12: 20 | D12: 22 | E12: 24 | F12: 26 | G12: 28 | H12: 30 | I12: 32 | J12: =I12 -> 32 | K12: 34 | L12: 36 | M12: 38 | N12: 40 | O12: =SUM(C12:N12) -> 362
A13: Procye 5 mg | B13: 428.4 | C13: 330 | D13: 335 | E13: 340 | F13: 345 | G13: 350 | H13: 355 | I13: 360 | J13: =I13 -> 360 | K13: 365 | L13: 370 | M13: 375 | N13: 380 | O13: =SUM(C13:N13) -> 4265
A14: Arigit Tablet 10mg | B14: 459 | C14: 5 | D14: 6 | E14: 7 | F14: 8 | G14: 9 | H14: 10 | I14: 11 | J14: =I14 -> 11 | K14: 12 | L14: 13 | M14: 14 | N14: 15 | O14: =SUM(C14:N14) -> 121
A15: Arigit Tablet 15mg | B15: 550.8 | C15: 5 | D15: 6 | E15: 7 | F15: 8 | G15: 9 | H15: 10 | I15: 11 | J15: =I15 -> 11 | K15: 12 | L15: 13 | M15: 14 | N15: 15 | O15: =SUM(C15:N15) -> 121
A16: Eszopic 1mg | B16: 122.4 | C16: 75 | D16: 78 | E16: 81 | F16: 84 | G16: 87 | H16: 90 | I16: 93 | J16: =I16 -> 93 | K16: 96 | L16: 99 | M16: 102 | N16: 105 | O16: =SUM(C16:N16) -> 1083
... A20: Vediget 12.5 mg | B20: 342.39 | C20: 5 | D20: 6 | E20: 7 | F20: 8 | G20: 9 | H20: 10 | I20: 11 | J20: =I20 -> 11 | K20: 12 | L20: 13 | M20: 14 | N20: 15 | O20: =SUM(C20:N20) -> 121
A21: Vediget 25 mg | B21: 213.99 | J21: =I21 -> 0 | O21: =SUM(C21:N21) -> 0
A22: Zyme 100mg | B22: 1512.71 | C22: 5 | D22: 6 | E22: 7 | F22: 8 | G22: 9 | H22: 10 | I22: 11 | J22: =I22 -> 11 | K22: 12 | L22: 13 | M22: 14 | N22: 15 | O22: =SUM(C22:N22) -> 121
A23: Doxiget 2 mg | B23: 573.75 | C23: 5 | D23: 6 | E23: 7 | F23: 8 | G23: 9 | H23: 10 | I23: 11 | J23: =I23 -> 11 | K23: 12 | L23: 13 | M23: 14 | N23: 15 | O23: =SUM(C23:N23) -> 121
A24: Doxiget 4 mg | B24: 979.29 | C24: 5 | D24: 6 | E24: 7 | F24: 8 | G24: 9 | H24: 10 | I24: 11 | J24: =I24 -> 11 | K24: 12 | L24: 13 | M24: 14 | N24: 15 | O24: =SUM(C24:N24) -> 121
A25: Zipracid 40mg | B25: 491.78 | C25: 20 | D25: 22 | E25: 24 | F25: 26 | G25: 28 | H25: 30 | I25: 32 | J25: =I25 -> 32 | K25: 34 | L25: 36 | M25: 38 | N25: 40 | O25: =SUM(C25:N25) -> 362
A26: Zipracid 60mg | B26: 589.74 | C26: 10 | D26: 12 | E26: 14 | F26: 16 | G26: 18 | H26: 20 | I26: 22 | J26: =I26 -> 22 | K26: 24 | L26: 26 | M26: 28 | N26: 30 | O26: =SUM(C26:N26) -> 242
A27: Vasipro Syp | B27: 198 | C27: 100 | D27: 102 | E27: 104 | F27: 106 | G27: 108 | H27: 110 | I27: 112 | J27: =I27 -> 112 | K27: 114 | L27: 116 | M27: 118 | N27: 120 | O27: =SUM(C27:N27) -> 1322
A28: Lacogit 50 mg
A29: Lacogit 100 mg
A30: Oxicarb 150 mg
A31: Oxicarb 300 mg
A32: Oxicarb 600 mg
A33: Value on EX Factory | C33: =SUMPRODUCT($B$5:$B$32,C5:C32) -> 364606.5 | D33: =SUMPRODUCT($B$5:$B$32,D5:D32) -> 388255.28 | E33: =SUMPRODUCT($B$5:$B$32,E5:E32) -> 411904.06 | F33: =SUMPRODUCT($B$5:$B$32,F5:F32) -> 435552.84 | G33: =SUMPRODUCT($B$5:$B$32,G5:G32) -> 459201.62 | H33: =SUMPRODUCT($B$5:$B$32,H5:H32) -> 482850.4 | I33: =SUMPRODUCT($B$5:$B$32,I5:I32) -> 506499.18 | J33: =SUMPRODUCT($B$5:$B$32,J5:J32) -> 506499.18 | ... O33: =SUMPRODUCT($B$5:$B$32,O5:O32) -> 5817853.6
A34: Value on T.P | C34: =C33/0.9 -> 405118.33 | D34: =D33/0.9 -> 431394.76 | E34: =E33/0.9 -> 457671.18 | F34: =F33/0.9 -> 483947.6 | G34: =G33/0.9 -> 510224.02 | H34: =H33/0.9 -> 536500.44 | I34: =I33/0.9 -> 562776.87 | J34: =J33/0.9 -> 562776.87 | ... O34: =O33/0.9 -> 6464281.8

Sheet KORANGI
A1: Targets July-2026 TO June,2027 (Titan Group)
A2: Name: VACANT | G2: Territory: Karachi KORANGI
A3: PRODUCT NAME | B3: EX-FACTORY | C3: JULY | D3: AUG | E3: SEPT | F3: OCT | G3: NOV | H3: DEC | I3: JAN | J3: FEB | K3: MARCH | L3: APRIL | M3: MAY | N3: JUNE | O3: TOTAL
A5: Glipin 25mg | B5: 742.05 | C5: 6 | D5: 7 | E5: 8 | F5: 9 | G5: 10 | H5: 11 | I5: 12 | J5: =I5 -> 12 | K5: 13 | L5: 14 | M5: 15 | N5: 16 | O5: =SUM(C5:N5) -> 133
A6: Glipin 100mg | B6: 2065.5 | C6: 30 | D6: 32 | E6: 34 | F6: 36 | G6: 38 | H6: 40 | I6: 42 | J6: =I6 -> 42 | K6: 44 | L6: 46 | M6: 48 | N6: 50 | O6: =SUM(C6:N6) -> 482
A7: Lamepil 50 mg | B7: 600.37 | C7: 10 | D7: 12 | E7: 14 | F7: 16 | G7: 18 | H7: 20 | I7: 22 | J7: =I7 -> 22 | K7: 24 | L7: 26 | M7: 28 | N7: 30 | O7: =SUM(C7:N7) -> 242
A8: Lamepil 100 mg | B8: 774.03 | C8: 10 | D8: 12 | E8: 14 | F8: 16 | G8: 18 | H8: 20 | I8: 22 | J8: =I8 -> 22 | K8: 24 | L8: 26 | M8: 28 | N8: 30 | O8: =SUM(C8:N8) -> 242
A9: Mitaz 15mg Tablets | B9: 459 | C9: 10 | D9: 12 | E9: 14 | F9: 16 | G9: 18 | H9: 20 | I9: 22 | J9: =I9 -> 22 | K9: 24 | L9: 26 | M9: 28 | N9: 30 | O9: =SUM(C9:N9) -> 242
A10: Mitaz 30mg Tablets | B10: 765 | C10: 10 | D10: 12 | E10: 14 | F10: 16 | G10: 18 | H10: 20 | I10: 22 | J10: =I10 -> 22 | K10: 24 | L10: 26 | M10: 28 | N10: 30 | O10: =SUM(C10:N10) -> 242
A11: Mitaz 45mg Tablets | B11: 780.99 | C11: 0 | D11: 0 | E11: 0 | F11: 0 | G11: 0 | H11: 0 | I11: 0 | J11: =I11 -> 0 | K11: 0 | L11: 0 | M11: 0 | N11: 0 | O11: =SUM(C11:N11) -> 0
A12: Glitpam 20 mg Tab | B12: 344.25 | C12: 20 | D12: 22 | E12: 24 | F12: 26 | G12: 28 | H12: 30 | I12: 32 | J12: =I12 -> 32 | K12: 34 | L12: 36 | M12: 38 | N12: 40 | O12: =SUM(C12:N12) -> 362
A13: Procye 5 mg | B13: 428.4 | C13: 330 | D13: 335 | E13: 340 | F13: 345 | G13: 350 | H13: 355 | I13: 360 | J13: =I13 -> 360 | K13: 365 | L13: 370 | M13: 375 | N13: 380 | O13: =SUM(C13:N13) -> 4265
A14: Arigit Tablet 10mg | B14: 459 | C14: 5 | D14: 6 | E14: 7 | F14: 8 | G14: 9 | H14: 10 | I14: 11 | J14: =I14 -> 11 | K14: 12 | L14: 13 | M14: 14 | N14: 15 | O14: =SUM(C14:N14) -> 121
A15: Arigit Tablet 15mg | B15: 550.8 | C15: 5 | D15: 6 | E15: 7 | F15: 8 | G15: 9 | H15: 10 | I15: 11 | J15: =I15 -> 11 | K15: 12 | L15: 13 | M15: 14 | N15: 15 | O15: =SUM(C15:N15) -> 121
A16: Eszopic 1mg | B16: 122.4 | C16: 75 | D16: 78 | E16: 81 | F16: 84 | G16: 87 | H16: 90 | I16: 93 | J16: =I16 -> 93 | K16: 96 | L16: 99 | M16: 102 | N16: 105 | O16: =SUM(C16:N16) -> 1083
... A20: Vediget 12.5 mg | B20: 342.39 | C20: 5 | D20: 6 | E20: 7 | F20: 8 | G20: 9 | H20: 10 | I20: 11 | J20: =I20 -> 11 | K20: 12 | L20: 13 | M20: 14 | N20: 15 | O20: =SUM(C20:N20) -> 121
A21: Vediget 25 mg | B21: 213.99 | J21: =I21 -> 0 | O21: =SUM(C21:N21) -> 0
A22: Zyme 100mg | B22: 1512.71 | C22: 5 | D22: 6 | E22: 7 | F22: 8 | G22: 9 | H22: 10 | I22: 11 | J22: =I22 -> 11 | K22: 12 | L22: 13 | M22: 14 | N22: 15 | O22: =SUM(C22:N22) -> 121
A23: Doxiget 2 mg | B23: 573.75 | C23: 5 | D23: 6 | E23: 7 | F23: 8 | G23: 9 | H23: 10 | I23: 11 | J23: =I23 -> 11 | K23: 12 | L23: 13 | M23: 14 | N23: 15 | O23: =SUM(C23:N23) -> 121
A24: Doxiget 4 mg | B24: 979.29 | C24: 5 | D24: 6 | E24: 7 | F24: 8 | G24: 9 | H24: 10 | I24: 11 | J24: =I24 -> 11 | K24: 12 | L24: 13 | M24: 14 | N24: 15 | O24: =SUM(C24:N24) -> 121
A25: Zipracid 40mg | B25: 491.78 | C25: 20 | D25: 22 | E25: 24 | F25: 26 | G25: 28 | H25: 30 | I25: 32 | J25: =I25 -> 32 | K25: 34 | L25: 36 | M25: 38 | N25: 40 | O25: =SUM(C25:N25) -> 362
A26: Zipracid 60mg | B26: 589.74 | C26: 10 | D26: 12 | E26: 14 | F26: 16 | G26: 18 | H26: 20 | I26: 22 | J26: =I26 -> 22 | K26: 24 | L26: 26 | M26: 28 | N26: 30 | O26: =SUM(C26:N26) -> 242
A27: Vasipro Syp | B27: 198 | C27: 100 | D27: 102 | E27: 104 | F27: 106 | G27: 108 | H27: 110 | I27: 112 | J27: =I27 -> 112 | K27: 114 | L27: 116 | M27: 118 | N27: 120 | O27: =SUM(C27:N27) -> 1322
A28: Lacogit 50 mg
A29: Lacogit 100 mg
A30: Oxicarb 150 mg
A31: Oxicarb 300 mg
A32: Oxicarb 600 mg
A33: Value on EX Factory | C33: =SUMPRODUCT($B$5:$B$32,C5:C32) -> 337219.5 | D33: =SUMPRODUCT($B$5:$B$32,D5:D32) -> 359621.33 | E33: =SUMPRODUCT($B$5:$B$32,E5:E32) -> 382023.16 | F33: =SUMPRODUCT($B$5:$B$32,F5:F32) -> 404424.99 | G33: =SUMPRODUCT($B$5:$B$32,G5:G32) -> 426826.82 | H33: =SUMPRODUCT($B$5:$B$32,H5:H32) -> 449228.65 | I33: =SUMPRODUCT($B$5:$B$32,I5:I32) -> 471630.48 | J33: =SUMPRODUCT($B$5:$B$32,J5:J32) -> 471630.48 | ... O33: =SUMPRODUCT($B$5:$B$32,O5:O32) -> 5413145.6
A34: Value on T.P | C34: =C33/0.9 -> 374688.33 | D34: =D33/0.9 -> 399579.26 | E34: =E33/0.9 -> 424470.18 | F34: =F33/0.9 -> 449361.1 | G34: =G33/0.9 -> 474252.02 | H34: =H33/0.9 -> 499142.94 | I34: =I33/0.9 -> 524033.87 | J34: =J33/0.9 -> 524033.87 | ... O34: =O33/0.9 -> 6014606.3

Sheet KPH
A1: Targets July-2026 TO June,2027 (Titan Group)
A2: Name: | G2: Territory: KPH
A3: PRODUCT NAME | B3: EX-FACTORY | C3: JULY | D3: AUG | E3: SEPT | F3: OCT | G3: NOV | H3: DEC | I3: JAN | J3: FEB | K3: MARCH | L3: APRIL | M3: MAY | N3: JUNE | O3: TOTAL
A5: Glipin 25mg | B5: 742.05 | J5: =I5 -> 0 | O5: =SUM(C5:N5) -> 0
A6: Glipin 100mg | B6: 2065.5 | J6: =I6 -> 0 | O6: =SUM(C6:N6) -> 0
A7: Lamepil 50 mg | B7: 600.37 | C7: 28 | E7: 28 | G7: 28 | I7: 28 | J7: =I7 -> 28 | K7: 28 | M7: 28 | O7: =SUM(C7:N7) -> 196
A8: Lamepil 100 mg | B8: 774.03 | C8: 28 | E8: 28 | G8: 28 | I8: 28 | J8: =I8 -> 28 | K8: 28 | M8: 28 | O8: =SUM(C8:N8) -> 196
A9: Mitaz 15mg Tablets | B9: 459 | J9: =I9 -> 0 | O9: =SUM(C9:N9) -> 0
A10: Mitaz 30mg Tablets | B10: 765 | J10: =I10 -> 0 | O10: =SUM(C10:N10) -> 0
A11: Mitaz 45mg Tablets | B11: 780.99 | J11: =I11 -> 0 | O11: =SUM(C11:N11) -> 0
A12: Glitpam 20 mg Tab | B12: 344.25 | J12: =I12 -> 0 | O12: =SUM(C12:N12) -> 0
A13: Procye 5 mg | B13: 428.4 | C13: 2134 | D13: 2134 | E13: 2134 | F13: 2134 | G13: 2134 | H13: 2134 | I13: 2134 | J13: =I13 -> 2134 | K13: 2134 | L13: 2134 | M13: 2134 | N13: 2134 | O13: =SUM(C13:N13) -> 25608
A14: Arigit Tablet 10mg | B14: 459 | C14: 25 | D14: 25 | E14: 25 | F14: 25 | G14: 25 | H14: 25 | I14: 25 | J14: =I14 -> 25 | K14: 25 | L14: 25 | M14: 25 | N14: 25 | O14: =SUM(C14:N14) -> 300
A15: Arigit Tablet 15mg | B15: 550.8 | C15: 25 | D15: 25 | E15: 25 | F15: 25 | G15: 25 | H15: 25 | I15: 25 | J15: =I15 -> 25 | K15: 25 | L15: 25 | M15: 25 | N15: 25 | O15: =SUM(C15:N15) -> 300
A16: Eszopic 1mg | B16: 122.4 | J16: =I16 -> 0 | O16: =SUM(C16:N16) -> 0
A17: Eszopic 2mg | B17: 481.95 | J17: =I17 -> 0 | O17: =SUM(C17:N17) -> 0
A18: Eszopic 3mg | B18: 283.05 | J18: =I18 -> 0 | O18: =SUM(C18:N18) -> 0
A19: Vediget 6.25 mg | B19: 344.25 | J19: =I19 -> 0 | O19: =SUM(C19:N19) -> 0
A20: Vediget 12.5 mg | B20: 342.39 | J20: =I20 -> 0 | O20: =SUM(C20:N20) -> 0
A21: Vediget 25 mg | B21: 213.99 | J21: =I21 -> 0 | O21: =SUM(C21:N21) -> 0
A22: Zyme 100mg | B22: 1512.71 | J22: =I22 -> 0 | O22: =SUM(C22:N22) -> 0
A23: Doxiget 2 mg | B23: 573.75 | J23: =I23 -> 0 | O23: =SUM(C23:N23) -> 0
A24: Doxiget 4 mg | B24: 979.29 | J24: =I24 -> 0 | O24: =SUM(C24:N24) -> 0
A25: Zipracid 40mg | B25: 491.78 | J25: =I25 -> 0 | O25: =SUM(C25:N25) -> 0
A26: Zipracid 60mg | B26: 589.74 | J26: =I26 -> 0 | O26: =SUM(C26:N26) -> 0
A27: Vasipro Syp | B27: 198 | J27: =I27 -> 0 | O27: =SUM(C27:N27) -> 0
A28: Lacogit 50 mg
A29: Lacogit 100 mg
A30: Oxicarb 150 mg
A31: Oxicarb 300 mg
A32: Oxicarb 600 mg
A33: Value on EX Factory | C33: =SUMPRODUCT($B$5:$B$32,C5:C32) -> 977933.8 | D33: =SUMPRODUCT($B$5:$B$32,D5:D32) -> 939450.6 | E33: =SUMPRODUCT($B$5:$B$32,E5:E32) -> 977933.8 | F33: =SUMPRODUCT($B$5:$B$32,F5:F32) -> 939450.6 | G33: =SUMPRODUCT($B$5:$B$32,G5:G32) -> 977933.8 | H33: =SUMPRODUCT($B$5:$B$32,H5:H32) -> 939450.6 | I33: =SUMPRODUCT($B$5:$B$32,I5:I32) -> 977933.8 | J33: =SUMPRODUCT($B$5:$B$32,J5:J32) -> 977933.8 | ... O33: =SUMPRODUCT($B$5:$B$32,O5:O32) -> 11542790
A34: Value on T.P | C34: =C33/0.9 -> 1086593.1 | D34: =D33/0.9 -> 1043834 | E34: =E33/0.9 -> 1086593.1 | F34: =F33/0.9 -> 1043834 | G34: =G33/0.9 -> 1086593.1 | H34: =H33/0.9 -> 1043834 | I34: =I33/0.9 -> 1086593.1 | J34: =J33/0.9 -> 1086593.1 | ... O34: =O33/0.9 -> 12825322

Sheet ASM KHI
A1: Targets July-2026 TO June,2027 (Titan Group)
A2: Name: RIZWAN SHEIKH | G2: Territory: KARACHI
A3: PRODUCT NAME | B3: EX-FACTORY | C3: JULY | D3: AUG | E3: SEPT | F3: OCT | G3: NOV | H3: DEC | I3: JAN | J3: FEB | K3: MARCH | L3: APRIL | M3: MAY | N3: JUNE | O3: TOTAL
A5: Glipin 25mg | B5: 742.05 | C5: =SUM(JPMC!C5+GULSHAN!C5+NAZIMABAD!C5+'KHI CIVIL'!C5+KORANGI!C5) -> 96 | D5: =SUM(JPMC!D5+GULSHAN!D5+NAZIMABAD!D5+'KHI CIVIL'!D5+KORANGI!D5) -> 102 | E5: =SUM(JPMC!E5+GULSHAN!E5+NAZIMABAD!E5+'KHI CIVIL'!E5+KORANGI!E5) -> 108 | F5: =SUM(JPMC!F5+GULSHAN!F5+NAZIMABAD!F5+'KHI CIVIL'!F5+KORANGI!F5) -> 114 | G5: =SUM(JPMC!G5+GULSHAN!G5+NAZIMABAD!G5+'KHI CIVIL'!G5+KORANGI!G5) -> 120 | H5: =SUM(JPMC!H5+GULSHAN!H5+NAZIMABAD!H5+'KHI CIVIL'!H5+KORANGI!H5) -> 126 | I5: =SUM(JPMC!I5+GULSHAN!I5+NAZIMABAD!I5+'KHI CIVIL'!I5+KORANGI!I5) -> 132 | J5: =SUM(JPMC!J5+GULSHAN!J5+NAZIMABAD!J5+'KHI CIVIL'!J5+KORANGI!J5) -> 132 | ... N5: =SUM(JPMC!N5+GULSHAN!N5+NAZIMABAD!N5+'KHI CIVIL'!N5+KORANGI!N5) -> 156 | O5: =SUM(C5:N5) -> 1518
A6: Glipin 100mg | B6: 2065.5 | C6: =SUM(JPMC!C6+GULSHAN!C6+NAZIMABAD!C6+'KHI CIVIL'!C6+KORANGI!C6) -> 292 | D6: =SUM(JPMC!D6+GULSHAN!D6+NAZIMABAD!D6+'KHI CIVIL'!D6+KORANGI!D6) -> 302 | E6: =SUM(JPMC!E6+GULSHAN!E6+NAZIMABAD!E6+'KHI CIVIL'!E6+KORANGI!E6) -> 312 | F6: =SUM(JPMC!F6+GULSHAN!F6+NAZIMABAD!F6+'KHI CIVIL'!F6+KORANGI!F6) -> 322 | G6: =SUM(JPMC!G6+GULSHAN!G6+NAZIMABAD!G6+'KHI CIVIL'!G6+KORANGI!G6) -> 332 | H6: =SUM(JPMC!H6+GULSHAN!H6+NAZIMABAD!H6+'KHI CIVIL'!H6+KORANGI!H6) -> 342 | I6: =SUM(JPMC!I6+GULSHAN!I6+NAZIMABAD!I6+'KHI CIVIL'!I6+KORANGI!I6) -> 352 | J6: =SUM(JPMC!J6+GULSHAN!J6+NAZIMABAD!J6+'KHI CIVIL'!J6+KORANGI!J6) -> 352 | ... N6: =SUM(JPMC!N6+GULSHAN!N6+NAZIMABAD!N6+'KHI CIVIL'!N6+KORANGI!N6) -> 392 | O6: =SUM(C6:N6) -> 4114
A7: Lamepil 50 mg | B7: 600.37 | C7: =SUM(JPMC!C7+GULSHAN!C7+NAZIMABAD!C7+'KHI CIVIL'!C7+KORANGI!C7) -> 124 | D7: =SUM(JPMC!D7+GULSHAN!D7+NAZIMABAD!D7+'KHI CIVIL'!D7+KORANGI!D7) -> 134 | E7: =SUM(JPMC!E7+GULSHAN!E7+NAZIMABAD!E7+'KHI CIVIL'!E7+KORANGI!E7) -> 144 | F7: =SUM(JPMC!F7+GULSHAN!F7+NAZIMABAD!F7+'KHI CIVIL'!F7+KORANGI!F7) -> 154 | G7: =SUM(JPMC!G7+GULSHAN!G7+NAZIMABAD!G7+'KHI CIVIL'!G7+KORANGI!G7) -> 164 | H7: =SUM(JPMC!H7+GULSHAN!H7+NAZIMABAD!H7+'KHI CIVIL'!H7+KORANGI!H7) -> 174 | I7: =SUM(JPMC!I7+GULSHAN!I7+NAZIMABAD!I7+'KHI CIVIL'!I7+KORANGI!I7) -> 184 | J7: =SUM(JPMC!J7+GULSHAN!J7+NAZIMABAD!J7+'KHI CIVIL'!J7+KORANGI!J7) -> 184 | ... N7: =SUM(JPMC!N7+GULSHAN!N7+NAZIMABAD!N7+'KHI CIVIL'!N7+KORANGI!N7) -> 224 | O7: =SUM(C7:N7) -> 2098
A8: Lamepil 100 mg | B8: 774.03 | C8: =SUM(JPMC!C8+GULSHAN!C8+NAZIMABAD!C8+'KHI CIVIL'!C8+KORANGI!C8) -> 140 | D8: =SUM(JPMC!D8+GULSHAN!D8+NAZIMABAD!D8+'KHI CIVIL'!D8+KORANGI!D8) -> 150 | E8: =SUM(JPMC!E8+GULSHAN!E8+NAZIMABAD!E8+'KHI CIVIL'!E8+KORANGI!E8) -> 160 | F8: =SUM(JPMC!F8+GULSHAN!F8+NAZIMABAD!F8+'KHI CIVIL'!F8+KORANGI!F8) -> 170 | G8: =SUM(JPMC!G8+GULSHAN!G8+NAZIMABAD!G8+'KHI CIVIL'!G8+KORANGI!G8) -> 180 | H8: =SUM(JPMC!H8+GULSHAN!H8+NAZIMABAD!H8+'KHI CIVIL'!H8+KORANGI!H8) -> 190 | I8: =SUM(JPMC!I8+GULSHAN!I8+NAZIMABAD!I8+'KHI CIVIL'!I8+KORANGI!I8) -> 200 | J8: =SUM(JPMC!J8+GULSHAN!J8+NAZIMABAD!J8+'KHI CIVIL'!J8+KORANGI!J8) -> 200 | ... N8: =SUM(JPMC!N8+GULSHAN!N8+NAZIMABAD!N8+'KHI CIVIL'!N8+KORANGI!N8) -> 240 | O8: =SUM(C8:N8) -> 2290
A9: Mitaz 15mg Tablets | B9: 459 | C9: =SUM(JPMC!C9+GULSHAN!C9+NAZIMABAD!C9+'KHI CIVIL'!C9+KORANGI!C9) -> 80 | D9: =SUM(JPMC!D9+GULSHAN!D9+NAZIMABAD!D9+'KHI CIVIL'!D9+KORANGI!D9) -> 90 | E9: =SUM(JPMC!E9+GULSHAN!E9+NAZIMABAD!E9+'KHI CIVIL'!E9+KORANGI!E9) -> 100 | F9: =SUM(JPMC!F9+GULSHAN!F9+NAZIMABAD!F9+'KHI CIVIL'!F9+KORANGI!F9) -> 110 | G9: =SUM(JPMC!G9+GULSHAN!G9+NAZIMABAD!G9+'KHI CIVIL'!G9+KORANGI!G9) -> 120 | H9: =SUM(JPMC!H9+GULSHAN!H9+NAZIMABAD!H9+'KHI CIVIL'!H9+KORANGI!H9) -> 130 | I9: =SUM(JPMC!I9+GULSHAN!I9+NAZIMABAD!I9+'KHI CIVIL'!I9+KORANGI!I9) -> 140 | J9: =SUM(JPMC!J9+GULSHAN!J9+NAZIMABAD!J9+'KHI CIVIL'!J9+KORANGI!J9) -> 140 | ... N9: =SUM(JPMC!N9+GULSHAN!N9+NAZIMABAD!N9+'KHI CIVIL'!N9+KORANGI!N9) -> 180 | O9: =SUM(C9:N9) -> 1570
A10: Mitaz 30mg Tablets | B10: 765 | C10: =SUM(JPMC!C10+GULSHAN!C10+NAZIMABAD!C10+'KHI CIVIL'!C10+KORANGI!C10) -> 60 | D10: =SUM(JPMC!D10+GULSHAN!D10+NAZIMABAD!D10+'KHI CIVIL'!D10+KORANGI!D10) -> 70 | E10: =SUM(JPMC!E10+GULSHAN!E10+NAZIMABAD!E10+'KHI CIVIL'!E10+KORANGI!E10) -> 80 | F10: =SUM(JPMC!F10+GULSHAN!F10+NAZIMABAD!F10+'KHI CIVIL'!F10+KORANGI!F10) -> 90 | G10: =SUM(JPMC!G10+GULSHAN!G10+NAZIMABAD!G10+'KHI CIVIL'!G10+KORANGI!G10) -> 100 | H10: =SUM(JPMC!H10+GULSHAN!H10+NAZIMABAD!H10+'KHI CIVIL'!H10+KORANGI!H10) -> 110 | I10: =SUM(JPMC!I10+GULSHAN!I10+NAZIMABAD!I10+'KHI CIVIL'!I10+KORANGI!I10) -> 120 | J10: =SUM(JPMC!J10+GULSHAN!J10+NAZIMABAD!J10+'KHI CIVIL'!J10+KORANGI!J10) -> 120 | ... N10: =SUM(JPMC!N10+GULSHAN!N10+NAZIMABAD!N10+'KHI CIVIL'!N10+KORANGI!N10) -> 160 | O10: =SUM(C10:N10) -> 1330
A11: Mitaz 45mg Tablets | B11: 780.99 | C11: =SUM(JPMC!C11+GULSHAN!C11+NAZIMABAD!C11+'KHI CIVIL'!C11+KORANGI!C11) -> 20 | D11: =SUM(JPMC!D11+GULSHAN!D11+NAZIMABAD!D11+'KHI CIVIL'!D11+KORANGI!D11) -> 22 | E11: =SUM(JPMC!E11+GULSHAN!E11+NAZIMABAD!E11+'KHI CIVIL'!E11+KORANGI!E11) -> 24 | F11: =SUM(JPMC!F11+GULSHAN!F11+NAZIMABAD!F11+'KHI CIVIL'!F11+KORANGI!F11) -> 26 | G11: =SUM(JPMC!G11+GULSHAN!G11+NAZIMABAD!G11+'KHI CIVIL'!G11+KORANGI!G11) -> 28 | H11: =SUM(JPMC!H11+GULSHAN!H11+NAZIMABAD!H11+'KHI CIVIL'!H11+KORANGI!H11) -> 30 | I11: =SUM(JPMC!I11+GULSHAN!I11+NAZIMABAD!I11+'KHI CIVIL'!I11+KORANGI!I11) -> 32 | J11: =SUM(JPMC!J11+GULSHAN!J11+NAZIMABAD!J11+'KHI CIVIL'!J11+KORANGI!J11) -> 32 | ... N11: =SUM(JPMC!N11+GULSHAN!N11+NAZIMABAD!N11+'KHI CIVIL'!N11+KORANGI!N11) -> 40 | O11: =SUM(C11:N11) -> 362
A12: Glitpam 20 mg Tab | B12: 344.25 | C12: =SUM(JPMC!C12+GULSHAN!C12+NAZIMABAD!C12+'KHI CIVIL'!C12+KORANGI!C12) -> 90 | D12: =SUM(JPMC!D12+GULSHAN!D12+NAZIMABAD!D12+'KHI CIVIL'!D12+KORANGI!D12) -> 100 | E12: =SUM(JPMC!E12+GULSHAN!E12+NAZIMABAD!E12+'KHI CIVIL'!E12+KORANGI!E12) -> 110 | F12: =SUM(JPMC!F12+GULSHAN!F12+NAZIMABAD!F12+'KHI CIVIL'!F12+KORANGI!F12) -> 120 | G12: =SUM(JPMC!G12+GULSHAN!G12+NAZIMABAD!G12+'KHI CIVIL'!G12+KORANGI!G12) -> 130 | H12: =SUM(JPMC!H12+GULSHAN!H12+NAZIMABAD!H12+'KHI CIVIL'!H12+KORANGI!H12) -> 140 | I12: =SUM(JPMC!I12+GULSHAN!I12+NAZIMABAD!I12+'KHI CIVIL'!I12+KORANGI!I12) -> 150 | J12: =SUM(JPMC!J12+GULSHAN!J12+NAZIMABAD!J12+'KHI CIVIL'!J12+KORANGI!J12) -> 150 | ... N12: =SUM(JPMC!N12+GULSHAN!N12+NAZIMABAD!N12+'KHI CIVIL'!N12+KORANGI!N12) -> 190 | O12: =SUM(C12:N12) -> 1690
A13: Procye 5 mg | B13: 428.4 | C13: =SUM(JPMC!C13+GULSHAN!C13+NAZIMABAD!C13+'KHI CIVIL'!C13+KORANGI!C13) -> 2555 | D13: =SUM(JPMC!D13+GULSHAN!D13+NAZIMABAD!D13+'KHI CIVIL'!D13+KORANGI!D13) -> 2580 | E13: =SUM(JPMC!E13+GULSHAN!E13+NAZIMABAD!E13+'KHI CIVIL'!E13+KORANGI!E13) -> 2605 | F13: =SUM(JPMC!F13+GULSHAN!F13+NAZIMABAD!F13+'KHI CIVIL'!F13+KORANGI!F13) -> 2630 | G13: =SUM(JPMC!G13+GULSHAN!G13+NAZIMABAD!G13+'KHI CIVIL'!G13+KORANGI!G13) -> 2655 | H13: =SUM(JPMC!H13+GULSHAN!H13+NAZIMABAD!H13+'KHI CIVIL'!H13+KORANGI!H13) -> 2680 | I13: =SUM(JPMC!I13+GULSHAN!I13+NAZIMABAD!I13+'KHI CIVIL'!I13+KORANGI!I13) -> 2705 | J13: =SUM(JPMC!J13+GULSHAN!J13+NAZIMABAD!J13+'KHI CIVIL'!J13+KORANGI!J13) -> 2705 | ... N13: =SUM(JPMC!N13+GULSHAN!N13+NAZIMABAD!N13+'KHI CIVIL'!N13+KORANGI!N13) -> 2805 | O13: =SUM(C13:N13) -> 32185
A14: Arigit Tablet 10mg | B14: 459 | C14: =SUM(JPMC!C14+GULSHAN!C14+NAZIMABAD!C14+'KHI CIVIL'!C14+KORANGI!C14) -> 40 | D14: =SUM(JPMC!D14+GULSHAN!D14+NAZIMABAD!D14+'KHI CIVIL'!D14+KORANGI!D14) -> 47 | E14: =SUM(JPMC!E14+GULSHAN!E14+NAZIMABAD!E14+'KHI CIVIL'!E14+KORANGI!E14) -> 54 | F14: =SUM(JPMC!F14+GULSHAN!F14+NAZIMABAD!F14+'KHI CIVIL'!F14+KORANGI!F14) -> 61 | G14: =SUM(JPMC!G14+GULSHAN!G14+NAZIMABAD!G14+'KHI CIVIL'!G14+KORANGI!G14) -> 68 | H14: =SUM(JPMC!H14+GULSHAN!H14+NAZIMABAD!H14+'KHI CIVIL'!H14+KORANGI!H14) -> 75 | I14: =SUM(JPMC!I14+GULSHAN!I14+NAZIMABAD!I14+'KHI CIVIL'!I14+KORANGI!I14) -> 82 | J14: =SUM(JPMC!J14+GULSHAN!J14+NAZIMABAD!J14+'KHI CIVIL'!J14+KORANGI!J14) -> 82 | ... N14: =SUM(JPMC!N14+GULSHAN!N14+NAZIMABAD!N14+'KHI CIVIL'!N14+KORANGI!N14) -> 110 | O14: =SUM(C14:N14) -> 907
A15: Arigit Tablet 15mg | B15: 550.8 | C15: =SUM(JPMC!C15+GULSHAN!C15+NAZIMABAD!C15+'KHI CIVIL'!C15+KORANGI!C15) -> 40 | D15: =SUM(JPMC!D15+GULSHAN!D15+NAZIMABAD!D15+'KHI CIVIL'!D15+KORANGI!D15) -> 47 | E15: =SUM(JPMC!E15+GULSHAN!E15+NAZIMABAD!E15+'KHI CIVIL'!E15+KORANGI!E15) -> 54 | F15: =SUM(JPMC!F15+GULSHAN!F15+NAZIMABAD!F15+'KHI CIVIL'!F15+KORANGI!F15) -> 61 | G15: =SUM(JPMC!G15+GULSHAN!G15+NAZIMABAD!G15+'KHI CIVIL'!G15+KORANGI!G15) -> 68 | H15: =SUM(JPMC!H15+GULSHAN!H15+NAZIMABAD!H15+'KHI CIVIL'!H15+KORANGI!H15) -> 75 | I15: =SUM(JPMC!I15+GULSHAN!I15+NAZIMABAD!I15+'KHI CIVIL'!I15+KORANGI!I15) -> 82 | J15: =SUM(JPMC!J15+GULSHAN!J15+NAZIMABAD!J15+'KHI CIVIL'!J15+KORANGI!J15) -> 82 | ... N15: =SUM(JPMC!N15+GULSHAN!N15+NAZIMABAD!N15+'KHI CIVIL'!N15+KORANGI!N15) -> 110 | O15: =SUM(C15:N15) -> 907
A16: Eszopic 1mg | B16: 122.4 | C16: =SUM(JPMC!C16+GULSHAN!C16+NAZIMABAD!C16+'KHI CIVIL'!C16+KORANGI!C16) -> 450 | D16: =SUM(JPMC!D16+GULSHAN!D16+NAZIMABAD!D16+'KHI CIVIL'!D16+KORANGI!D16) -> 470 | E16: =SUM(JPMC!E16+GULSHAN!E16+NAZIMABAD!E16+'KHI CIVIL'!E16+KORANGI!E16) -> 490 | F16: =SUM(JPMC!F16+GULSHAN!F16+NAZIMABAD!F16+'KHI CIVIL'!F16+KORANGI!F16) -> 510 | G16: =SUM(JPMC!G16+GULSHAN!G16+NAZIMABAD!G16+'KHI CIVIL'!G16+KORANGI!G16) -> 530 | H16: =SUM(JPMC!H16+GULSHAN!H16+NAZIMABAD!H16+'KHI CIVIL'!H16+KORANGI!H16) -> 550 | I16: =SUM(JPMC!I16+GULSHAN!I16+NAZIMABAD!I16+'KHI CIVIL'!I16+KORANGI!I16) -> 570 | J16: =SUM(JPMC!J16+GULSHAN!J16+NAZIMABAD!J16+'KHI CIVIL'!J16+KORANGI!J16) -> 570 | ... N16: =SUM(JPMC!N16+GULSHAN!N16+NAZIMABAD!N16+'KHI CIVIL'!N16+KORANGI!N16) -> 650 | O16: =SUM(C16:N16) -> 6620
... A27: Vasipro Syp | B27: 198 | C27: =SUM(JPMC!C27+GULSHAN!C27+NAZIMABAD!C27+'KHI CIVIL'!C27+KORANGI!C27) -> 500 | D27: =SUM(JPMC!D27+GULSHAN!D27+NAZIMABAD!D27+'KHI CIVIL'!D27+KORANGI!D27) -> 510 | E27: =SUM(JPMC!E27+GULSHAN!E27+NAZIMABAD!E27+'KHI CIVIL'!E27+KORANGI!E27) -> 520 | F27: =SUM(JPMC!F27+GULSHAN!F27+NAZIMABAD!F27+'KHI CIVIL'!F27+KORANGI!F27) -> 530 | G27: =SUM(JPMC!G27+GULSHAN!G27+NAZIMABAD!G27+'KHI CIVIL'!G27+KORANGI!G27) -> 540 | H27: =SUM(JPMC!H27+GULSHAN!H27+NAZIMABAD!H27+'KHI CIVIL'!H27+KORANGI!H27) -> 550 | I27: =SUM(JPMC!I27+GULSHAN!I27+NAZIMABAD!I27+'KHI CIVIL'!I27+KORANGI!I27) -> 560 | J27: =SUM(JPMC!J27+GULSHAN!J27+NAZIMABAD!J27+'KHI CIVIL'!J27+KORANGI!J27) -> 560 | ... N27: =SUM(JPMC!N27+GULSHAN!N27+NAZIMABAD!N27+'KHI CIVIL'!N27+KORANGI!N27) -> 600 | O27: =SUM(C27:N27) -> 6610
A28: Lacogit 50 mg | C28: =SUM(JPMC!C28+GULSHAN!C28+NAZIMABAD!C28+'KHI CIVIL'!C28+KORANGI!C28+KPH!C28) -> 0 | D28: =SUM(JPMC!D28+GULSHAN!D28+NAZIMABAD!D28+'KHI CIVIL'!D28+KORANGI!D28+KPH!D28) -> 0 | E28: =SUM(JPMC!E28+GULSHAN!E28+NAZIMABAD!E28+'KHI CIVIL'!E28+KORANGI!E28+KPH!E28) -> 0 | F28: =SUM(JPMC!F28+GULSHAN!F28+NAZIMABAD!F28+'KHI CIVIL'!F28+KORANGI!F28+KPH!F28) -> 0 | G28: =SUM(JPMC!G28+GULSHAN!G28+NAZIMABAD!G28+'KHI CIVIL'!G28+KORANGI!G28+KPH!G28) -> 0 | H28: =SUM(JPMC!H28+GULSHAN!H28+NAZIMABAD!H28+'KHI CIVIL'!H28+KORANGI!H28+KPH!H28) -> 0 | I28: =SUM(JPMC!I28+GULSHAN!I28+NAZIMABAD!I28+'KHI CIVIL'!I28+KORANGI!I28+KPH!I28) -> 0 | J28: =SUM(JPMC!J28+GULSHAN!J28+NAZIMABAD!J28+'KHI CIVIL'!J28+KORANGI!J28+KPH!J28) -> 0 | ... N28: =SUM(JPMC!N28+GULSHAN!N28+NAZIMABAD!N28+'KHI CIVIL'!N28+KORANGI!N28+KPH!N28) -> 0 | O28: =SUM(C28:N28) -> 0
A29: Lacogit 100 mg | C29: =SUM(JPMC!C29+GULSHAN!C29+NAZIMABAD!C29+'KHI CIVIL'!C29+KORANGI!C29+KPH!C29) -> 0 | D29: =SUM(JPMC!D29+GULSHAN!D29+NAZIMABAD!D29+'KHI CIVIL'!D29+KORANGI!D29+KPH!D29) -> 0 | E29: =SUM(JPMC!E29+GULSHAN!E29+NAZIMABAD!E29+'KHI CIVIL'!E29+KORANGI!E29+KPH!E29) -> 0 | F29: =SUM(JPMC!F29+GULSHAN!F29+NAZIMABAD!F29+'KHI CIVIL'!F29+KORANGI!F29+KPH!F29) -> 0 | G29: =SUM(JPMC!G29+GULSHAN!G29+NAZIMABAD!G29+'KHI CIVIL'!G29+KORANGI!G29+KPH!G29) -> 0 | H29: =SUM(JPMC!H29+GULSHAN!H29+NAZIMABAD!H29+'KHI CIVIL'!H29+KORANGI!H29+KPH!H29) -> 0 | I29: =SUM(JPMC!I29+GULSHAN!I29+NAZIMABAD!I29+'KHI CIVIL'!I29+KORANGI!I29+KPH!I29) -> 0 | J29: =SUM(JPMC!J29+GULSHAN!J29+NAZIMABAD!J29+'KHI CIVIL'!J29+KORANGI!J29+KPH!J29) -> 0 | ... N29: =SUM(JPMC!N29+GULSHAN!N29+NAZIMABAD!N29+'KHI CIVIL'!N29+KORANGI!N29+KPH!N29) -> 0 | O29: =SUM(C29:N29) -> 0
A30: Oxicarb 150 mg | C30: =SUM(JPMC!C30+GULSHAN!C30+NAZIMABAD!C30+'KHI CIVIL'!C30+KORANGI!C30+KPH!C30) -> 0 | D30: =SUM(JPMC!D30+GULSHAN!D30+NAZIMABAD!D30+'KHI CIVIL'!D30+KORANGI!D30+KPH!D30) -> 0 | E30: =SUM(JPMC!E30+GULSHAN!E30+NAZIMABAD!E30+'KHI CIVIL'!E30+KORANGI!E30+KPH!E30) -> 0 | F30: =SUM(JPMC!F30+GULSHAN!F30+NAZIMABAD!F30+'KHI CIVIL'!F30+KORANGI!F30+KPH!F30) -> 0 | G30: =SUM(JPMC!G30+GULSHAN!G30+NAZIMABAD!G30+'KHI CIVIL'!G30+KORANGI!G30+KPH!G30) -> 0 | H30: =SUM(JPMC!H30+GULSHAN!H30+NAZIMABAD!H30+'KHI CIVIL'!H30+KORANGI!H30+KPH!H30) -> 0 | I30: =SUM(JPMC!I30+GULSHAN!I30+NAZIMABAD!I30+'KHI CIVIL'!I30+KORANGI!I30+KPH!I30) -> 0 | J30: =SUM(JPMC!J30+GULSHAN!J30+NAZIMABAD!J30+'KHI CIVIL'!J30+KORANGI!J30+KPH!J30) -> 0 | ... N30: =SUM(JPMC!N30+GULSHAN!N30+NAZIMABAD!N30+'KHI CIVIL'!N30+KORANGI!N30+KPH!N30) -> 0 | O30: =SUM(C30:N30) -> 0
A31: Oxicarb 300 mg | C31: =SUM(JPMC!C31+GULSHAN!C31+NAZIMABAD!C31+'KHI CIVIL'!C31+KORANGI!C31+KPH!C31) -> 0 | D31: =SUM(JPMC!D31+GULSHAN!D31+NAZIMABAD!D31+'KHI CIVIL'!D31+KORANGI!D31+KPH!D31) -> 0 | E31: =SUM(JPMC!E31+GULSHAN!E31+NAZIMABAD!E31+'KHI CIVIL'!E31+KORANGI!E31+KPH!E31) -> 0 | F31: =SUM(JPMC!F31+GULSHAN!F31+NAZIMABAD!F31+'KHI CIVIL'!F31+KORANGI!F31+KPH!F31) -> 0 | G31: =SUM(JPMC!G31+GULSHAN!G31+NAZIMABAD!G31+'KHI CIVIL'!G31+KORANGI!G31+KPH!G31) -> 0 | H31: =SUM(JPMC!H31+GULSHAN!H31+NAZIMABAD!H31+'KHI CIVIL'!H31+KORANGI!H31+KPH!H31) -> 0 | I31: =SUM(JPMC!I31+GULSHAN!I31+NAZIMABAD!I31+'KHI CIVIL'!I31+KORANGI!I31+KPH!I31) -> 0 | J31: =SUM(JPMC!J31+GULSHAN!J31+NAZIMABAD!J31+'KHI CIVIL'!J31+KORANGI!J31+KPH!J31) -> 0 | ... N31: =SUM(JPMC!N31+GULSHAN!N31+NAZIMABAD!N31+'KHI CIVIL'!N31+KORANGI!N31+KPH!N31) -> 0 | O31: =SUM(C31:N31) -> 0 | P31: =D31-C31 -> 0 | Q31: =E31-D31 -> 0 | R31: =F31-E31 -> 0 | S31: =G31-F31 -> 0 | T31: =H31-G31 -> 0 | U31: =I31-H31 -> 0 | V31: =J31-I31 -> 0 | W31: =K31-J31 -> 0 | ... Z31: =N31-M31 -> 0
A32: Oxicarb 600 mg | C32: =SUM(JPMC!C32+GULSHAN!C32+NAZIMABAD!C32+'KHI CIVIL'!C32+KORANGI!C32+KPH!C32) -> 0 | D32: =SUM(JPMC!D32+GULSHAN!D32+NAZIMABAD!D32+'KHI CIVIL'!D32+KORANGI!D32+KPH!D32) -> 0 | E32: =SUM(JPMC!E32+GULSHAN!E32+NAZIMABAD!E32+'KHI CIVIL'!E32+KORANGI!E32+KPH!E32) -> 0 | F32: =SUM(JPMC!F32+GULSHAN!F32+NAZIMABAD!F32+'KHI CIVIL'!F32+KORANGI!F32+KPH!F32) -> 0 | G32: =SUM(JPMC!G32+GULSHAN!G32+NAZIMABAD!G32+'KHI CIVIL'!G32+KORANGI!G32+KPH!G32) -> 0 | H32: =SUM(JPMC!H32+GULSHAN!H32+NAZIMABAD!H32+'KHI CIVIL'!H32+KORANGI!H32+KPH!H32) -> 0 | I32: =SUM(JPMC!I32+GULSHAN!I32+NAZIMABAD!I32+'KHI CIVIL'!I32+KORANGI!I32+KPH!I32) -> 0 | J32: =SUM(JPMC!J32+GULSHAN!J32+NAZIMABAD!J32+'KHI CIVIL'!J32+KORANGI!J32+KPH!J32) -> 0 | ... N32: =SUM(JPMC!N32+GULSHAN!N32+NAZIMABAD!N32+'KHI CIVIL'!N32+KORANGI!N32+KPH!N32) -> 0 | O32: =SUM(C32:N32) -> 0
A33: Value on EX Factory | C33: =SUMPRODUCT($B$5:$B$32,C5:C32) -> 2870410.8 | D33: =SUMPRODUCT($B$5:$B$32,D5:D32) -> 2996549 | E33: =SUMPRODUCT($B$5:$B$32,E5:E32) -> 3122687.1 | F33: =SUMPRODUCT($B$5:$B$32,F5:F32) -> 3248825.3 | G33: =SUMPRODUCT($B$5:$B$32,G5:G32) -> 3374963.5 | H33: =SUMPRODUCT($B$5:$B$32,H5:H32) -> 3501101.7 | I33: =SUMPRODUCT($B$5:$B$32,I5:I32) -> 3627239.9 | J33: =SUMPRODUCT($B$5:$B$32,J5:J32) -> 3627239.9 | ... O33: =SUMPRODUCT($B$5:$B$32,O5:O32) -> 42139358
A34: Value on T.P | C34: =C33/0.9 -> 3189345.3 | D34: =D33/0.9 -> 3329498.8 | E34: =E33/0.9 -> 3469652.4 | F34: =F33/0.9 -> 3609805.9 | G34: =G33/0.9 -> 3749959.4 | H34: =H33/0.9 -> 3890113 | I34: =I33/0.9 -> 4030266.5 | J34: =J33/0.9 -> 4030266.5 | ... O34: =O33/0.9 -> 46821509
